,Names,Quantiles
0,q5,0.21355158456830167
1,q10,0.23335737250149208
2,Mean,0.44484179133466034
3,Median,0.40602123401568724
4,q90,0.7113020340153321
5,q95,0.8104371567844012
