,Names,Quantiles
0,q5,0.21355159206269136
1,q10,0.23335738751988613
2,Mean,0.4448418866936952
3,Median,0.4060213146272127
4,q90,0.7113022305997279
5,q95,0.8104373910291567
